Brand,Category,Title,Link,Description
Mango,Phishing/Scams,发现 - 知乎,https://www.zhihu.com/explore,知乎，中文互联网高质量的问答社区和创作者聚集的原创内容平台，于 2011 年 1 月正式上线，以「让人们更好的分享知识、经验和见解，找到自己的解答」为品 …
Mango,Phishing/Scams,mango和zara同是西班牙服装品牌，请问两者的区别和定位上的区别？ - 知乎,https://www.zhihu.com/question/27290861,Mango整体风格偏职场，更适合25+的职场淑女。 但是在欧美，你能经常碰到三四十岁的女性在zara、mango挑衣服。 他们似乎认为两个品牌有许多相似 …
Mango,Phishing/Scams,Endnote如何导入新的output style（参考文献格式）模板？,https://www.zhihu.com/question/266096230?s_r=0,24 de ene. de 2018 · 已有一个新的参考文献模板，如何将其导入到Endnote中使用？
Mango,Annual Reports,发现 - 知乎,https://www.zhihu.com/explore,知乎，中文互联网高质量的问答社区和创作者聚集的原创内容平台，于 2011 年 1 月正式上线，以「让人们更好的分享知识、经验和见解，找到自己的解答」为品 …
Mango,Annual Reports,mango和zara同是西班牙服装品牌，请问两者的区别和定位上的区别？ - 知乎,https://www.zhihu.com/question/27290861,Mango整体风格偏职场，更适合25+的职场淑女。 但是在欧美，你能经常碰到三四十岁的女性在zara、mango挑衣服。 他们似乎认为两个品牌有许多相似 …
Desigual,Phishing/Scams,Desigual主打什么风格?适合什么样的人穿? - 知乎,https://www.zhihu.com/question/326745422,"29 de may. de 2019 · Desigual是来自 西班牙 家喻户晓的休闲服饰品牌,创始人Thomas Meyer一直秉承“不寻常穿搭路线”的 设计理念，风格多为大胆、独特的 …"
Desigual,Phishing/Scams,为什么desigual的衣服这么难看还没有倒闭哪？谁能告诉我它的魅力在哪里嘛？？ - 知乎,https://www.zhihu.com/question/21470572,12 de ago. de 2013 · 知乎，中文互联网高质量的问答社区和创作者聚集的原创内容平台，于 2011 年 1 月正式上线，以「让人们更好的分享知识、经验和见 …
Desigual,Phishing/Scams,Word里面表格中的虚线怎么删除？ - 知乎,https://www.zhihu.com/question/7885152864,在使用Word编辑文档时，表格中的虚线边框有时会影响文档的美观度。为了让文档看起来更加整洁和专业，我们通常需要将这些虚线边框删除。以下是一些有效的方 …
Desigual,Annual Reports,Desigual主打什么风格?适合什么样的人穿? - 知乎,https://www.zhihu.com/question/326745422,"29 de may. de 2019 · Desigual是来自 西班牙 家喻户晓的休闲服饰品牌,创始人Thomas Meyer一直秉承“不寻常穿搭路线”的 设计理念，风格多为大胆、独特的个性风，特别适合那些敢于表现自己，勇于展示自己内心的 …"
Desigual,Annual Reports,为什么desigual的衣服这么难看还没有倒闭哪？谁能告诉我它的魅力在 …,https://www.zhihu.com/question/21470572,12 de ago. de 2013 · 知乎，中文互联网高质量的问答社区和创作者聚集的原创内容平台，于 2011 年 1 月正式上线，以「让人们更好的分享知识、经验和见解，找到自己的解答」为品牌使命。知乎凭借认真、专业、友 …
Bimba y Lola,Phishing/Scams,Maquettes de Bateaux et Modélisme Naval | Artesanía Latina,https://artesanialatina.net/fr/,"Artesania Latina est une marque avec plus de 50 ans d’expertise dans la conception, la fabrication et la commercialisation de maquettes en bois et métal à construire. Nos modèles, fabriqués avec des …"
Bimba y Lola,Phishing/Scams,Maquette Artesania Latina : toutes les maquettes ARTESANIA | France …,https://www.france-maquette.fr/maquette-artesania-latina-maquettes-en-bois-france-maquette.html.html,Retrouvez l'ensemble des maquettes en bois Artesania Latina livrées rapidement sur France-Maquette.fr.
Bimba y Lola,Phishing/Scams,Vidéos de montage de l'Hermione de Artesania Latina,https://blog.tecnimodel.com/modelisme-naval-menu/278-videos-de-montage-de-l-hermione-de-artesania-latina.html,"30 de ago. de 2024 · Sur ce site sont présentées des informations techniques, des essais, des comptes-rendus d'expositions, etc..."
Bimba y Lola,Annual Reports,"SoFi: Banking, Loans, Invest, Credit Card, & Mortgages",https://www.sofi.com/,"* The SoFi Smart Card is a charge card issued by SoFi Bank, N.A., Member FDIC, that is secured by your SoFi Checking and Savings account. The …"
Bimba y Lola,Annual Reports,"Current Mortgage Rates in Houston, TX Today | SoFi",https://www.sofi.com/mortgage-rates-in-houston/,"Prepare to purchase a home in Houston, Texas by learning current mortgage rates in the area and getting the latest news on how to obtain …"
Loewe,Phishing/Scams,Tweens In Bathing Suits stock videos and footage,https://www.istockphoto.com/videos/tweens-in-bathing-suits,"Browse 3,700+ tweens-in-bathing-suits stock videos and clips available to use in your projects, or start a new search to explore more stock …"
Loewe,Phishing/Scams,"Teen Vogue: Fashion, Beauty, Entertainment News for Teens",https://www.teenvogue.com/,"Hace 2 días · The young person’s guide to conquering (and saving) the world. Teen Vogue covers the latest in celebrity news, politics, …"
Loewe,Phishing/Scams,Nymphet Movies - IMDb,https://www.imdb.com/list/ls059098823/,"A troubled teen girl, who impulsively seduces every man she meets, has a chance encounter with an empathetic psychology student who …"
Loewe,Annual Reports,Full schedule for 2026 Daytona 500 and Speedweeks | NASCAR,https://www.nascar.com/weekend-schedule/weekend-schedule-for-2026-daytona-speedweeks/,"20 de ene. de 2026 · Get the full NASCAR schedule for the 2026 Daytona 500 and Speedweeks, including times, TV information and results for each event."
Loewe,Annual Reports,HOME | DAYTONA INTERNATIONAL SPEEDWAY,https://www.daytonainternationalspeedway.com/,"Hace 2 días · Welcome to Daytona International Speedway, the world’s most iconic racetrack and home to the DAYTONA 500 and Rolex 24 at DAYTONA."
Tous,Phishing/Scams,"TOUS España | Joyería, Bolsos y Accesorios de Moda - Sitio Oficial",https://www.tous.com/es-es/,"Descubre la tienda oficial online de TOUS con joyería, bolsos y accesorios de moda que aportan originalidad y personalidad a tu estilo desde 1920"
Tous,Phishing/Scams,Tous · El Corte Inglés,https://www.elcorteingles.es/tous/?msockid=03d2953e49446992262983cf48c7684e,Explora las últimas novedades de Tous online en El Corte Inglés. Encuentra ahora todo lo que estabas buscando. ¡No esperes y compra hoy mismo!
Tous,Phishing/Scams,TOUS - Midtown Jalisco,https://mid-townjalisco.com.mx/places/tous/,"TOUS ofrece joyas y accesorios que acompañan en cada momento de la vida. Es una marca ilusionante que genera valor gracias a la calidad, pasión y el espíritu de servicio de las personas."
Tous,Annual Reports,"TOUS España | Joyería, Bolsos y Accesorios de Moda - Sitio Oficial",https://www.tous.com/es-es/,"Descubre la tienda oficial online de TOUS con joyería, bolsos y accesorios de moda que aportan originalidad y personalidad a tu estilo desde 1920"
Tous,Annual Reports,Tous · El Corte Inglés,https://www.elcorteingles.es/tous/?msockid=300c33098c2b681d32c825f88d6669cd,Explora las últimas novedades de Tous online en El Corte Inglés. Encuentra ahora todo lo que estabas buscando. ¡No esperes y compra hoy mismo!
Aristocrazy,Phishing/Scams,Amazon.com. Spend less. Smile more.,https://www.amazon.com/,Amazon Business Card Shop with Points Credit Card Marketplace Reload Your Balance Gift Cards Amazon Currency Converter Let Us Help You Your Account Your Orders Shipping Rates & Policies Amazon …
Aristocrazy,Phishing/Scams,Amazon Prime Membership,https://www.aboutamazon.com/what-we-do/prime,"4 de nov. de 2025 · An Amazon Prime membership comes with much more than fast, free delivery. Check out the shopping, entertainment, healthcare, and grocery benefits, plus updates available to members."
Aristocrazy,Phishing/Scams,Amazon Shopping - Apps on Google Play,https://play.google.com/store/apps/details?id=com.amazon.mShop.android.shopping&hl=en_US,"Whether you’re buying gifts, reading reviews, tracking orders, scanning products, or just shopping, Amazon Shopping app offers more benefits than shopping on Amazon via your desktop."
Aristocrazy,Annual Reports,Jillian Michaels - Wikipedia,https://en.wikipedia.org/wiki/Jillian_Michaels,"Jillian Leigh McKarus (born February 18, 1974), known professionally as Jillian Michaels, is an American fitness trainer, nutritionist, …"
Aristocrazy,Annual Reports,Jillian's Story | Jillian Michaels,https://www.jillianmichaels.com/about?language_content_entity=en,"Jillian is an Emmy nominated television talent having starred in multiple hit TV shows and regularly contributes to E! News, Access, …"
Uno de 50,Phishing/Scams,UNO 这种纸牌的具体规则是什么样的？ - 知乎,https://www.zhihu.com/question/6276002098?write,UNO的开发商Mattel曾在2019年在Twitter提醒玩家不要这样做，收获大量友善评论。 在任意时刻，玩家手中如果有和最后打出的牌完全一样的牌，可以无视游戏顺序立即打出，游戏从此玩家继续。 由此 …
Uno de 50,Phishing/Scams,玩 UNO 有什么技巧和策略？ - 知乎,https://www.zhihu.com/question/40807965,"UNO是一种牌类游戏，于1971年由Merle Robbins发明，现由游戏公司Mattel生产。由于游戏规则中，当玩家手上只余下一张牌时，必须喊出""uno""，因而得名。Uno是西班牙语和意大利语中“1”的意思 …"
Uno de 50,Phishing/Scams,uno牌完整规则 - 百度经验,https://jingyan.baidu.com/article/454316ab2e45c5f7a7c03a8c.html,29 de oct. de 2018 · 首先，每人发7张牌，比谁的牌首先出完。出与上家颜色相同或数字相同的牌，或者wild牌。每副uno牌包括：108张牌和一张说明书（108 张纸牌中包括76张数字牌，32张特殊牌）。
Uno de 50,Annual Reports,UNO 这种纸牌的具体规则是什么样的？ - 知乎,https://www.zhihu.com/question/6276002098?write,UNO的开发商Mattel曾在2019年在Twitter提醒玩家不要这样做，收获大量友善评论。 在任意时刻，玩家手中如果有和最后打出的牌完全一样的牌，可以无视游戏 …
Uno de 50,Annual Reports,玩 UNO 有什么技巧和策略？ - 知乎,https://www.zhihu.com/question/40807965,"UNO是一种牌类游戏，于1971年由Merle Robbins发明，现由游戏公司Mattel生产。由于游戏规则中，当玩家手上只余下一张牌时，必须喊出""uno""，因而得名 …"
PDPAOLA,Phishing/Scams,Facebook share link - can you customize the message body text?,https://stackoverflow.com/questions/5023602/facebook-share-link-can-you-customize-the-message-body-text,"17 de feb. de 2011 · Facebook will not allow developers pre-fill messages. Developers may customize the story by providing OG meta tags, but it's up to the user to fill the message. This …"
PDPAOLA,Phishing/Scams,How to resolve Facebook Login is currently unavailable for this …,https://stackoverflow.com/questions/68567360/how-to-resolve-facebook-login-is-currently-unavailable-for-this-app-since-we-ar,"28 de jul. de 2021 · In the facebook developers console for your app, go to App Review-> Permissions and Features. Set the public_profile and email to have advanced access. This will …"
PDPAOLA,Phishing/Scams,Android Facebook integration with invalid key hash,https://stackoverflow.com/questions/23674131/android-facebook-integration-with-invalid-key-hash,"24 de feb. de 2017 · The Facebook SDK for Unity gets the wrong key hash. It gets the key from ""C:\Users\""your user"".android\debug.keystore"" and, in a perfect world, it should get it from the …"
PDPAOLA,Annual Reports,Azerbaijan - Wikipedia,https://en.wikipedia.org/wiki/Azerbaijan,"Azerbaijan, [a] officially the Republic of Azerbaijan, [b] is a transcontinental and landlocked country at the boundary of Western …"
PDPAOLA,Annual Reports,Azerbaijan Maps & Facts - World Atlas,https://www.worldatlas.com/maps/azerbaijan,"27 de dic. de 2023 · Azerbaijan is a country covering 86,600 km2 (33,400 sq mi) in the Caucasus region of Eurasia. The area that …"
Majorica,Phishing/Scams,Portable Generators for Reliable Power | Honda Generators,https://powerequipment.honda.com/generators,"Legendary Honda reliability makes Honda generators the ideal backup power source for homes and businesses alike. Equipped with easy starting Honda four-stroke engines, our generators have earned a …"
Majorica,Phishing/Scams,Honda Power Equipment Dealers | Honda Sales and Service,https://powerequipment.honda.com/DealerLocator/,"Use our Honda Power Equipment dealer locator to find a power equipment near you. Find dealers for lawn mowers, snow blowers, generators, and more."
Majorica,Phishing/Scams,Honda EU2200i Super Quiet Inverter Generator | Honda,https://powerequipment.honda.com/generators/models/EU2200i,"The Honda EU2200i generator is lightweight and super quiet, ideal for home, camping, RV, DIY, and more. Discover this powerful generator today."
Majorica,Annual Reports,"Assisted Living, Skilled Nursing & Therapy | Aperion Care",https://aperioncare.com/,"Providing expert short-term rehabilitation, skilled nursing, assisted living, and long- term living facilities in Illinois and Indiana."
Majorica,Annual Reports,"Nursing, Short-Term Rehabilitation & Physical Therapy in Chicago, IL",https://aperioncare.com/locations/international/,"Located on a tree-lined street in a thriving residential neighborhood, Aperion Care International provides you with personalized post-hospital care and rehabilitation with 24-hour skilled nursing care, as well …"
Suarez,Phishing/Scams,Vermont's Best Ski Resort | Stowe,https://www.stowe.com/,Stowe ski resort is Vermont's world-renowned ski destination. Plan a trip to the best East Coast skiing with a visit to this charming New England town.
Suarez,Phishing/Scams,"Visit Stowe, Vermont - Official Tourism Site | Go Stowe",https://gostowe.com/,"Stowe, Vermont is a four-season destination located at the foot of Mount Mansfield, Vermont's highest peak. Explore dozens of shops, restaurants, and lodging options ranging from country inns to …"
Suarez,Phishing/Scams,"Stowe, Vermont - Wikipedia","https://en.wikipedia.org/wiki/Stowe,_Vermont","It is nicknamed ""The Ski Capital of the East"" and is home to Stowe Mountain Resort, a ski facility with terrain on Mount Mansfield, the highest peak in Vermont, and Spruce Peak. The indigenous people …"
Suarez,Annual Reports,HATE Synonyms: 121 Similar and Opposite Words - Merriam-Webster,https://www.merriam-webster.com/thesaurus/hate,"Synonyms for HATE: despise, loathe, detest, abhor, abominate, disdain, disapprove (of), have it in for; Antonyms of HATE: love, like, prefer, …"
Suarez,Annual Reports,What is the opposite of hate? - WordHippo,https://www.wordhippo.com/what-is/the-opposite-of/hate.html,Find 349 opposite words and antonyms for hate based on 7 separate contexts from our thesaurus.
Rabat,Phishing/Scams,Антарктика — Википедия,https://ru.wikipedia.org/wiki/Антарктика,"Название «Антарктика» происходит от греческих слов и означает область, противоположную Арктике, от др. …"
Rabat,Phishing/Scams,"Антарктида - описание материка, география, климат, ф…",https://polartravelclub.ru/info-for-travelers/articles/antarktida/,"25 de abr. de 2025 · Антарктида – это самый южный материк планеты, скрытый подо льдами и окруженный холодными …"
Rabat,Phishing/Scams,"Antarctica | History, Map, Climate, & Facts | Britannica",https://www.britannica.com/place/Antarctica,"Hace 2 días · Antarctica, the world’s southernmost continent, is almost wholly covered by an ice sheet and is about 5.5 …"
Rabat,Annual Reports,"Openings, Closings, Comings & Goings, April - LTHForum.com",https://www.lthforum.com/bb/viewtopic.php?t=28139&p=322136,15 de may. de 2010 · bhroselle wrote: Meathead's Burgers opened up on Monday in the Streets of Woodfield. Been there twice already!! I've been to the one in Northbrook and I liked it better than Five …
Rabat,Annual Reports,"Screw Fatbuger, Five Guys is coming! - lthforum.com",https://www.lthforum.com/bb/viewtopic.php?t=21436,"7 de nov. de 2008 · Five Guys Burger and Fries, rated best burger by Washingtonian Magazine seven years running, is opening two locations in the coming months: in Oak Park at 1115 Lake St., and in …"
Festina,Phishing/Scams,302 Found - forum.interia.pl,"https://forum.interia.pl/prawda-to-czy-falsz-tematy,dId,2699913",Found The document has moved here.
Festina,Annual Reports,302 Found - forum.interia.pl,"https://forum.interia.pl/prawda-to-czy-falsz-tematy,dId,2699913",Found The document has moved here.
Camper,Phishing/Scams,Gmail - Email from Google,https://mail.google.com/mail,"Gmail is email that's intuitive, efficient, and useful. 15 GB of storage, less spam, and mobile access."
Camper,Phishing/Scams,Sign in - Google Accounts,https://accounts.google.com/,Not your computer? Use a private browsing window to sign in. Learn more about using Guest mode Next Create account
Camper,Phishing/Scams,Sign in to Gmail,https://support.google.com/mail/answer/8494?hl=en&co=GENIE.Platform=Desktop,"Sign in to Gmail To open Gmail, you can sign in from a computer or add your account to the Gmail app on your phone or tablet. Once you're signed in, open your inbox to check your..."
Camper,Annual Reports,2601 Postcode - Australia Post,https://auspost.com.au/postcode/2601,"2601 postcode, see a map of 2601 and easily search and find postcodes for all towns and suburbs. Australia Post postcode finder."
Camper,Annual Reports,2601 Notification of intention to give financial assistance | ASIC,https://asic.gov.au/regulatory-resources/forms/forms-folder/2601-notification-of-intention-to-give-financial-assistance/,Use Form 2601 to advise of a company’s intention to give financial assistance for the acquisition of shares.
Pikolinos,Phishing/Scams,Buy UK Mailing Lists & Email Marketing Lists | MarketingFile,https://www.marketingfile.com/,"The UK's largest source of business and consumer data, including email addresses and mailing lists for targeted direct marketing."
Pikolinos,Phishing/Scams,Buy B2C Data Lists | Buy Consumer Data | MarketingFile,https://www.marketingfile.com/consumer-lists/,Source B2C and consumer data from the UK's largest supplier of consumer marketing lists catered for direct marketing and targeted responses.
Pikolinos,Phishing/Scams,Buy B2B Data Lists | Buy Business Data | MarketingFile,https://www.marketingfile.com/business-lists/,We have over 5 million UK businesses in our database and B2B data you can buy for marketing lists to contact decision makers and gain leads.
Pikolinos,Annual Reports,Python 斐波那契数列 - 菜鸟教程,https://www.runoob.com/python3/python3-fibonacci-sequence.html,"Python 斐波那契数列 Python3 实例 斐波那契数列指的是这样一个数列 0, 1, 1, 2, 3, 5, 8, 13,特别指出：第0项是0，第1项是第一个1。 从第三项开始，每一项都 …"
Pikolinos,Annual Reports,用python实现斐波那契数列的5种简单方法 - CSDN博客,https://blog.csdn.net/xiejiali2020/article/details/88903792,28 de nov. de 2025 · 本文分享了使用Python实现斐波那契数列的五种方法，包括利用for循环、while循环及递归等不同方式，并对每种方法进行了详细说明。
Munich Sports,Phishing/Scams,Calzado Deportivo y Accesorios | Tienda Oificial MUNICH®,https://www.munichsports.com/es/,"Descubre nuestra selección de calzado deportivo, ropa y otros accesorios. Compra online en MUNICH® Shop."
Munich Sports,Phishing/Scams,Rebajas MUNICH: Zapatillas y Accesorios al 50% de Descuento,https://www.munichsports.com/outlet-rebajas-munich,"¡Últimas unidades! Aprovecha las rebajas de MUNICH y llévate tus zapatillas favoritas con un 50% de descuento. Calidad, …"
Munich Sports,Phishing/Scams,Comprar Zapatillas STB de Hombre | MUNICH®,https://www.munichsports.com/es/categories/940,"Compra las zapatillas STB de hombre, diseñadas para ofrecer estilo y comodidad. Perfectas para cualquier ocasión. ¡Entra y …"
Munich Sports,Annual Reports,Calzado Deportivo y Accesorios | Tienda Oificial MUNICH®,https://www.munichsports.com/es/,"Descubre nuestra selección de calzado deportivo, ropa y otros accesorios. Compra online en MUNICH® Shop."
Munich Sports,Annual Reports,Rebajas MUNICH: Zapatillas y Accesorios al 50% de Descuento,https://www.munichsports.com/outlet-rebajas-munich,"¡Últimas unidades! Aprovecha las rebajas de MUNICH y llévate tus zapatillas favoritas con un 50% de descuento. Calidad, diseño y los mejores precios. ¡Compra ahora!"
Hoff Brand,Phishing/Scams,Tatry - PTTK Hotel Górski Kalatówki - Zakopane,https://kalatowki.pl/,"Hotel Górski PTTK Kalatówki położony jest nieopodal Zakopanego, w Tatrzańskim Parku Narodowym na wysokości 1198 m n.p.m. tuż przy szlaku wiodącym z Kuźnic na Giewont - w malowniczej dolinie …"
Hoff Brand,Phishing/Scams,Hotel Górski PTTK Kalatówki - Zakopane - oficjalny serwis internetowy,https://www.zakopane.pl/strefa-turystyczna/turystyka/schroniska-gorskie/hotel-gorski-pttk-kalatowki/,Hotel oferuje miejsca w wygodnych pokojach i apartamentach na 1 i 2 piętrze z przepięknymi widokami na góry. Spojrzenie na Kasprowy Wierch czy Giewont pozostawiają na zawsze niezapomniane …
Hoff Brand,Phishing/Scams,Hotel Górski na Kalatówkach - Schroniska PTTK,https://schroniska-pttk.com.pl/hotel-gorski-pttk-na-kalatowkach/,"hotel gorski pttk na kalatowkach – dojazd komunikacją lokalną z Zakopanego (4 km) do Kuźnic, skąd pieszo drogą do schroniska /ok. 30 min/, lub dojazd saniami góralskimi"
Hoff Brand,Annual Reports,"Microsoft – AI, Cloud, Productivity, Computing, Gaming & Apps",https://www.microsoft.com/en-us,"Explore Microsoft products and services and support for your home or business. Shop Microsoft 365, Copilot, Teams, Xbox, Windows, …"
Hoff Brand,Annual Reports,Office 365 login,https://www.office.com/,"Collaborate for free with online versions of Microsoft Word, PowerPoint, Excel, and OneNote. Save documents, spreadsheets, and …"
Pompeii Brand,Phishing/Scams,Free List of Bank & Credit Union Repossession Sales - RepoFinder,https://www.repofinder.com/,"RepoFinder - Free List of Bank & Credit Union Repossession Sales. Shop credit union owned Cars, Trucks, RVs, Boats, ATVs - Shop Bank Repos Now"
Pompeii Brand,Phishing/Scams,After the Hunt - Where to Watch and Stream - TV Guide,https://www.tvguide.com/movies/after-the-hunt/2060188050/,"Find out how to watch After the Hunt. Stream After the Hunt, watch trailers, see the cast, and more at TV Guide"
Pompeii Brand,Phishing/Scams,Where to Watch ‘After the Hunt’: Is Julia Roberts’ New Movie ...,https://www.thewrap.com/where-to-watch-after-the-hunt-streaming-theaters-release-date/,"16 de oct. de 2025 · Here are all the details you need in order to be able to watch Julia Roberts' new film ""After the Hunt,"" directed by Luca Guadagnino"
Pompeii Brand,Annual Reports,Grove Oklahoma - New Life Spa,https://mynewlifespa.com/pages/frontpage,"New Life Spa - Grove Ok, Alternative Wellness Technologies - Infrared Sauna, QRS PEMF mat, Essential Oil Massage, Alcon Chi Machine, Reflexology, Detox, Berkey Water Filters, Tower Garden …"
Pompeii Brand,Annual Reports,"The Best 10 Day Spas near Grove, OK 74344 - Yelp","https://www.yelp.com/search?cflt=spas&find_loc=Grove,+OK+74344&msockid=2de95c10dd59650e1d6f4ae1dc8064cd","Best Day Spas in Grove, OK 74344 - The Spa at Shangri-La, Illusions Day Spa, The Day Spa, The Nee Spa, Escape Face & Body Spa, Spa Botanica, The Millhouse Salon & Spa, Rose Davis-The …"
Joma,Phishing/Scams,Joma - Forum Sport,https://www.forumsport.com/es-es/marcas/joma-JOMA-c,"Compra JOMA en Forum Sport, tu tienda de depotes online. Encontrarás JOMA en nuestras secciones de Fitness, Ciclismo, Fútbol, Running, Padel, Natación Y Playa."
Joma,Phishing/Scams,如何看待相对小众的国外体育用品品牌，例如：Kelme / Joma 等，在 …,https://www.zhihu.com/question/42209755,6 de abr. de 2016 · 不看好Joma这种大而全的平价运动品牌在中国的发展，在欧洲卖场试穿过Joma的运动服，除了赞助几个欧洲小球队实在是找不到Joma自身的大杀器。首先李宁、安踏就是其不可逾越 …
Joma,Phishing/Scams,荷马（Joma）和吉利汽车到底是什么关系？ - 知乎,https://www.zhihu.com/question/265953697,在中国市场，JOMA背靠实力雄厚的吉利集团。 2016年，在吉利汽车董事长李书福的牵头下，该品牌进入中国，并在2年内迅速完成了商品上市和初步的门店布局。 截止2017年底门店数量250家，目标销售 …
Joma,Annual Reports,Joma - Forum Sport,https://www.forumsport.com/es-es/marcas/joma-JOMA-c,"Compra JOMA en Forum Sport, tu tienda de depotes online. Encontrarás JOMA en nuestras secciones de Fitness, Ciclismo, …"
Joma,Annual Reports,如何看待相对小众的国外体育用品品牌，例如：Kelme / Joma 等， …,https://www.zhihu.com/question/42209755,6 de abr. de 2016 · 不看好Joma这种大而全的平价运动品牌在中国的发展，在欧洲卖场试穿过Joma的运动服，除了赞助几个欧洲小球 …
Scalpers,Phishing/Scams,How do scalpers even make money? : r/PokemonTCG - Reddit,https://www.reddit.com/r/PokemonTCG/comments/16y3y62/how_do_scalpers_even_make_money/,"2 de oct. de 2023 · How do scalpers even make money? So lately everyone and their mother here talk about how much they hate scalpers deep from bottom of their souls, but how do the scalpers actually …"
Scalpers,Phishing/Scams,Scalpers ruin everything... : r/PokemonTCG - Reddit,https://www.reddit.com/r/PokemonTCG/comments/178djvh/scalpers_ruin_everything/,Scalpers aren't a new thing for Pokemon. Creating something with such limited access was bound to attract these types and can easily overwhelm a partner unprepared for the popularity.
Scalpers,Phishing/Scams,ELI5: How do scalpers actually get all the tickets faster than the ...,https://www.reddit.com/r/explainlikeimfive/comments/yypopd/eli5_how_do_scalpers_actually_get_all_the_tickets/,18 de nov. de 2022 · Scalpers prefer to break even more than take a loss. This is especially true for the insider scalpers since they don't want to cause losses to maintain their status in the program.
Scalpers,Annual Reports,How do scalpers even make money? : r/PokemonTCG - Reddit,https://www.reddit.com/r/PokemonTCG/comments/16y3y62/how_do_scalpers_even_make_money/,"2 de oct. de 2023 · How do scalpers even make money? So lately everyone and their mother here talk about how much they hate scalpers deep from bottom of their souls, but how do the scalpers actually …"
Scalpers,Annual Reports,Scalpers ruin everything... : r/PokemonTCG - Reddit,https://www.reddit.com/r/PokemonTCG/comments/178djvh/scalpers_ruin_everything/,Scalpers aren't a new thing for Pokemon. Creating something with such limited access was bound to attract these types and can easily overwhelm a partner unprepared for the popularity.
El Ganso,Phishing/Scams,"请问什么是GL, EL, GLE, ELE, ELC？_百度知道",https://zhidao.baidu.com/question/1777847180870318700.html,"5 de nov. de 2023 · 请问什么是GL, EL, GLE, ELE, ELC？小区域范围的建筑，GL作为图面标示高程的方式，以计算和道路的高差 …"
El Ganso,Phishing/Scams,护照em和el有什么区别 - 百度知道,https://zhidao.baidu.com/question/1587382118119433900.html,"12 de dic. de 2024 · 护照号码中的""EM""与""EL""前缀代表了不同的签发时间和批次。随着护照需求的增加，为了满足更多的编号需 …"
El Ganso,Phishing/Scams,工程图纸中的EL是什么意思啊？_百度知道,https://zhidao.baidu.com/question/309049514.html,工程图纸中的EL是：中心标高 E在英文中是方向东的首字母，N是北，EL是中心标高，一般在图纸中表示方向坐标用的。 标高表示建 …
El Ganso,Annual Reports,"请问什么是GL, EL, GLE, ELE, ELC？_百度知道",https://zhidao.baidu.com/question/1777847180870318700.html,"5 de nov. de 2023 · 请问什么是GL, EL, GLE, ELE, ELC？小区域范围的建筑，GL作为图面标示高程的方式，以计算和道路的高差。GL（Ground Level）是相对高程，常用公分作单位。譬如指定道路某处 …"
El Ganso,Annual Reports,护照em和el有什么区别 - 百度知道,https://zhidao.baidu.com/question/1587382118119433900.html,"12 de dic. de 2024 · 护照号码中的""EM""与""EL""前缀代表了不同的签发时间和批次。随着护照需求的增加，为了满足更多的编号需求，前缀的位数可能从一位增加到了两位。因此，“EM”与“EL”只是表示在不 …"
Silbon,Phishing/Scams,Silbon® | COLECCIÓN PRIMAVERA VERANO 2026 | Tienda Oficial,https://www.silbonshop.com/es-eu,"Tienda online de SILBON. Descubre la Nueva Colección, Campañas, LookBook y toda la actualidad de la firma en Dress Code."
Silbon,Phishing/Scams,Colección Silbon Woman | Nueva colección | SILBON,https://www.silbonshop.com/es-eu/collections/mujer,"Ropa mujer en SILBON Online, encuentra la ropa de mujer con los últimos diseños y mejores calidades en nuestra tienda online. ¡Envíos en 24-48h!"
Silbon,Phishing/Scams,Colección de ropa y accesorios para hombre | SILBON,https://www.silbonshop.com/es-int/collections/hombre,"Diferénciate con la colección de moda para hombre de SILBON. Moda masculina, accesorios y calzado de calidad para el hombre moderno. Looks definitivos."
Silbon,Annual Reports,Silbon® | COLECCIÓN PRIMAVERA VERANO 2026 | Tienda Oficial,https://www.silbonshop.com/es-eu,"Tienda online de SILBON. Descubre la Nueva Colección, Campañas, LookBook y toda la actualidad de la firma en Dress Code."
Silbon,Annual Reports,Colección Silbon Woman | Nueva colección | SILBON,https://www.silbonshop.com/es-eu/collections/mujer,"Ropa mujer en SILBON Online, encuentra la ropa de mujer con los últimos diseños y mejores calidades en nuestra tienda online. ¡Envíos en 24-48h!"
Ecoalf,Phishing/Scams,findmykids.org,https://findmykids.org/blog/en/teen-refuses-to-help-around-the-house,We would like to show you a description here but the site won’t allow us.
Ecoalf,Phishing/Scams,List of Chores for Teenagers (50+ Ideas and More),https://yourteenmag.com/family-life/discipline/chore-ideas-for-teenagers,18 de oct. de 2023 · The benefits of chores for teens extends beyond executing tasks; they help shape the work ethic and civic …
Ecoalf,Phishing/Scams,10 Ways to Motivate Your Teens to Love Chores,https://www.orthodonticslimited.com/parenting/motivate-your-teens-to-love-chores/,It's commonly known to all parents that most teenagers hate doing chores. Here are ten ways to motivate your teens to love …
Ecoalf,Annual Reports,Dow Jones INDEX TODAY | DJIA LIVE TICKER - Markets Insider,https://markets.businessinsider.com/index/dow_jones,"21 de ene. de 2026 · Dow Jones Today: Get all information on the Dow Jones Index including historical chart, news and constituents."
Ecoalf,Annual Reports,Dow Jones Industrial Average (^DJI) - Yahoo Finance,https://ca.finance.yahoo.com/quote/^DJI/,"Find the latest information on Dow Jones Industrial Average (^DJI) including data, charts, related news and more from Yahoo Finance"
Hawkers,Phishing/Scams,Gafas de sol Hawkers® tienda oficial España,https://www.hawkersco.com/,"Descubre la colección de gafas de sol Hawkers para hombre y mujer, con opciones polarizadas y Made in Spain. Compra tus gafas de sol favoritas online"
Hawkers,Phishing/Scams,Hawkers® Sunglasses official store,https://www.hawkersco.com/eu,"Discover the Hawkers sunglasses for men and women and buy your favourites. Polarised sunglasses, mirror sunglasses and Made in Spain collection"
Hawkers,Phishing/Scams,Ofertas y promociones Gafas de sol Hawkers,https://www.hawkersco.com/gafas-de-sol/promocion/,REBAJAS DE ENERO EN HAWKERS. Llévate unas gafas de sol con 40% dto. o dos o más con un 60%. Compra ahora.
Hawkers,Annual Reports,Gafas de sol Hawkers® tienda oficial España,https://www.hawkersco.com/,"Descubre la colección de gafas de sol Hawkers para hombre y mujer, con opciones polarizadas y Made in Spain. Compra tus gafas de sol favoritas online"
Hawkers,Annual Reports,Hawkers® Sunglasses official store,https://www.hawkersco.com/eu,"Discover the Hawkers sunglasses for men and women and buy your favourites. Polarised sunglasses, mirror sunglasses and Made in Spain collection"
Pedro del Hierro,Phishing/Scams,paulo pedro什么牌子中文_百度知道,https://zhidao.baidu.com/question/2213212420733309468.html,paulo pedro什么牌子中文paulo pedro什么牌子中文介绍如下：保罗彼得。paulo pedro是来自新加坡的高街时尚品牌，创立于2006年，隶属Charles&Keith旗下。paulo pedro主打卓越鞋履和包袋等配 …
Pedro del Hierro,Phishing/Scams,paulo-pedro是什么牌子？是不是一线品牌？_百度知道,https://zhidao.baidu.com/question/445237909048674324.html,28 de dic. de 2024 · paulo-pedro是什么牌子？是不是一线品牌？1. Paulo Pedro是一个源自新加坡的时尚品牌，它在2006年被创立，并且隶属于Charles&Keith集团。2. 该品牌以提供优质的鞋履和包袋 …
Pedro del Hierro,Phishing/Scams,商场特卖paulopedro是真的吗 - 百度知道,https://zhidao.baidu.com/question/1458469291974194860.html,28 de jun. de 2024 · 商场特卖的“Paulo Pedro”并非真正的保罗彼得品牌，而是一个假冒名牌。 真正的保罗彼得（Paulo Pedro）是新加坡的一个时尚品牌，成立于2006年，隶属于Charles & Keith集团 …
Pedro del Hierro,Annual Reports,paulo pedro什么牌子中文_百度知道,https://zhidao.baidu.com/question/2213212420733309468.html,paulo pedro什么牌子中文paulo pedro什么牌子中文介绍如下：保罗彼得。paulo pedro是来自新加坡的高街时尚品牌，创立于2006年，隶属Charles&Keith旗下。paulo pedro主打卓越鞋履和包 …
Pedro del Hierro,Annual Reports,paulo-pedro是什么牌子？是不是一线品牌？_百度知道,https://zhidao.baidu.com/question/445237909048674324.html,28 de dic. de 2024 · paulo-pedro是什么牌子？是不是一线品牌？1. Paulo Pedro是一个源自新加坡的时尚品牌，它在2006年被创立，并且隶属于Charles&Keith集团。2. 该品牌以提供优质的鞋 …
Cortefiel,Phishing/Scams,"cortefiel是什么国家牌子,中文名读什么_百度知道",https://zhidao.baidu.com/question/373893613036798212.html,7 de oct. de 2024 · Cortefiel是源自西班牙的知名品牌，其中文名读作“柯丹菲”。 自1931年创立以来，Cortefiel已成为西班牙Inditex集团旗下的重要一 …
Cortefiel,Phishing/Scams,"cortefiel是什么国家牌子,中文名读什么_百度知道",https://zhidao.baidu.com/question/564926893767073612.html,17 de abr. de 2024 · Cortefiel是西班牙的牌子，中文名读作柯丹菲。 Cortefiel是西班牙著名的服装品牌，始创于1931年，隶属于西班牙Inditex集团，旗下还拥 …
Cortefiel,Phishing/Scams,"cortefiel是什么国家牌子,中文名读什么_百度知道",https://zhidao.baidu.com/question/2149825236276276828.html,29 de feb. de 2024 · Cortefiel是一个西班牙的服装品牌，其中文名通常被译为“柯特菲尔”。 Cortefiel品牌创立于1945年，在西班牙国内拥有极高的知名度和影 …
Cortefiel,Annual Reports,"cortefiel是什么国家牌子,中文名读什么_百度知道",https://zhidao.baidu.com/question/373893613036798212.html,7 de oct. de 2024 · Cortefiel是源自西班牙的知名品牌，其中文名读作“柯丹菲”。 自1931年创立以来，Cortefiel已成为西班牙Inditex集团旗下的重要一 …
Cortefiel,Annual Reports,"cortefiel是什么国家牌子,中文名读什么_百度知道",https://zhidao.baidu.com/question/564926893767073612.html,17 de abr. de 2024 · Cortefiel是西班牙的牌子，中文名读作柯丹菲。 Cortefiel是西班牙著名的服装品牌，始创于1931年，隶属于西班牙Inditex集团，旗下还拥 …
Springfield,Phishing/Scams,为什么美国有很多地方叫 Springfield（春田）？ - 知乎,https://www.zhihu.com/question/20305454,为什么美国有很多地方叫 Springfield（春田）？ 小时候看美国地图就发现这样的情况，后来知道美国大致有50多个春田。 这是由于开拓者觉得这里春天的田野很美而得名的吗？ 分布有什么规律呢？ 比如是 …
Springfield,Phishing/Scams,如何评价知乎用户@SpringField？ - 知乎,https://www.zhihu.com/question/12043775375,12 de feb. de 2025 · 知乎，中文互联网高质量的问答社区和创作者聚集的原创内容平台，于 2011 年 1 月正式上线，以「让人们更好的分享知识、经验和见解，找到自己的解答」为品牌使命。知乎凭借认真 …
Springfield,Phishing/Scams,SpringField - 知乎,https://www.zhihu.com/people/springfiled-14,1 de may. de 2025 · Fabio的“Microeconomics for the Critical Mind”译本链接 现代古典经济学与系统、严谨批判新古典经济学的巨著。适合所有对马克思、斯拉法、凯恩斯、卡莱茨基以及当今基于新古典体 …
Springfield,Annual Reports,为什么美国有很多地方叫 Springfield（春田）？ - 知乎,https://www.zhihu.com/question/20305454,为什么美国有很多地方叫 Springfield（春田）？ 小时候看美国地图就发现这样的情况，后来知道美国大致有50多个春田。 这是由于 …
Springfield,Annual Reports,如何评价知乎用户@SpringField？ - 知乎,https://www.zhihu.com/question/12043775375,12 de feb. de 2025 · 知乎，中文互联网高质量的问答社区和创作者聚集的原创内容平台，于 2011 年 1 月正式上线，以「让人们更好的 …
Women'secret,Phishing/Scams,'women eating pussy' Search - XNXX.COM,https://www.xnxx.com/search/women+eating+pussy,Engaging in sexual activities using sex toys and performing oral sex on women is beneficial for those who identify as redheaded lesbians Ginger Blaze and Kasey Weathers ejaculate
Women'secret,Phishing/Scams,girls-eating-pussy videos - XVIDEOS.COM,https://www.xvideos.com/tags/girls-eating-pussy,"EVASIVE ANGLES Veteran midwife gets to go first, and gets that cock plenty hard and slick for her girl's tight teen pussy. She, of course, cleans up that cock after it's shredded her teen ass."
Women'secret,Phishing/Scams,Women Eating Pussy Porn Videos | Pornhub.com,https://www.pornhub.com/video/search?search=women+eating+pussy,"Watch Women Eating Pussy porn videos for free, here on Pornhub.com. Discover the growing collection of high quality Most Relevant XXX movies and clips. No other sex tube is more popular and features …"
Women'secret,Annual Reports,Windows 10 / 11 のパソコンを再起動させる方法と手順を解説！,https://www.fielding.co.jp/service/deployment/windows11/column-1/,OSのアップデートや新しいソフトのインストールなど、パソコンは頻繁に再起動を求めるシーンがあります。 今回は再起動が必要 …
Women'secret,Annual Reports,【Windows 11】再起動する方法 | ショートカットキーも紹介,https://pc-hikkoshi.com/windows11-restart.html,今回は、Windows 11を再起動する方法をお伝えします。 再起動は、通常パソコンに新しいアプリなどをインストールした時に求め …
Purificacion Garcia,Phishing/Scams,gzteacher - 广州市中小学教师继续教育网,https://www.gzteacher.com/,1 de ene. de 2026 · 关于广州市中小学教师继续教育网2026年第一批下线课程的公示 根据《广州市中小学教师继续教育管理办法》 …
Purificacion Garcia,Phishing/Scams,广东省教师继续教育信息管理平台 - gdedu.gov.cn,https://jsglpt.gdedu.gov.cn/login.jsp,未绑定微信的教师用户请登录后在【个人中心】中绑定微信。
Purificacion Garcia,Phishing/Scams,广州市教育局网站-广州市中小学教师继续教育网,https://jyj.gz.gov.cn/yw2/xxhjsfw/jxjy/ywxt/content/post_10376325.html,28 de jul. de 2025 · 广州市教育局网站由广州市教育局主办，以广东省政府网站集约化平台为平台依托，通过设置政务公开、业务栏 …
Purificacion Garcia,Annual Reports,新竹縣智慧圖資雲,https://imap.hchg.gov.tw/webgis/,新竹縣智慧圖資雲提供您一次到位的生活機能與房地資訊查詢。
Purificacion Garcia,Annual Reports,新竹縣政府全球資訊網-新竹縣圖資資源專區,https://www.hsinchu.gov.tw/gis,新竹縣議會決議案執行情形 新竹縣議會議員質詢案辦理情形查詢 公有場地租借資料 新竹縣智慧圖資雲 公益彩券盈餘分配運用情形 議員地方建設建議事項 對民間團 …
Adolfo Dominguez,Phishing/Scams,"THE BEST 10 PIZZA PLACES in BROOKLYN, NY - Yelp","https://www.yelp.com/search?cflt=pizza&find_loc=Brooklyn,+NY","""One of the best pizza places I've been to! Fresh ingredients, delicious pizza, and top-notch service..."" more"
Adolfo Dominguez,Phishing/Scams,10 BEST Pizza Joints in BROOKLYN (Ranked by Locals),https://newyorkspork.com/best-pizza-brooklyn/,28 de jul. de 2024 · Looking for the best pizza in Brooklyn? This local has you covered! Here are my recommendations for the best pizza in Brooklyn.
Adolfo Dominguez,Phishing/Scams,THE 10 BEST Pizza Places in Brooklyn (Updated 2026) - Tripadvisor,https://www.tripadvisor.com/Restaurants-g60827-c31-Brooklyn_New_York.html,"Best Pizza in Brooklyn, New York: Find Tripadvisor traveller reviews of Brooklyn Pizza places and search by price, location, and more."
Adolfo Dominguez,Annual Reports,查快递|顺丰服务支持,https://www.sf-express.com/chn/sc/waybill/list,顺丰官网提供快递查询、寄件服务及相关支持，方便用户了解物流信息和享受便捷服务。
Adolfo Dominguez,Annual Reports,顺丰快递单号查询_快递100,https://www.kuaidi100.com/all/sf.shtml,12 de dic. de 2016 · 提供一站式顺丰快递单号查询、顺丰快递网点查询服务；能查询到顺丰快递单号从收件、派送到签收等各个环节的状态。支持手机端查询，并提供顺丰快递查询接口API。
Lola Casademunt,Phishing/Scams,Accueil | Lola,https://lola.hec.uliege.be/,"16 de dic. de 2025 · ELSA Liège et ConsuLex sont de retour pour la troisième édition du concours d’éloquence interfacultaire ! Cette année encore, nos associations vous donnent le pouvoir de choisir le …"
Lola Casademunt,Phishing/Scams,Mes cours | Lola,https://lola.hec.uliege.be/my/courses.php,"Vous n’êtes inscrit dans aucun cours Une fois inscrit dans un cours, celui-ci s’affichera ici."
Lola Casademunt,Phishing/Scams,lola rose手表什么档次？lola rose手表值不值得入手？lola rose 手表有哪 …,https://www.zhihu.com/tardis/zm/art/397288178,"18 de jun. de 2025 · lola rose 至今已经有20多年的品牌历史，凭着开创性的设计， 创始人Nikki 荣获威廉王子授予的英国大英帝国勋章“MBE""。 lola rose的手表做工精致，注重细节，轻奢优雅，如首饰一般精致！ 价 …"
Lola Casademunt,Annual Reports,Accueil | Lola,https://lola.hec.uliege.be/,"16 de dic. de 2025 · ELSA Liège et ConsuLex sont de retour pour la troisième édition du concours d’éloquence interfacultaire ! Cette année encore, nos associations vous donnent le pouvoir de choisir …"
Lola Casademunt,Annual Reports,Mes cours | Lola,https://lola.hec.uliege.be/my/courses.php,"Vous n’êtes inscrit dans aucun cours Une fois inscrit dans un cours, celui-ci s’affichera ici."
Mayoral,Phishing/Scams,"Mayoral ® España | Moda Online para Bebés, Niñas y Niños",https://www.mayoral.com/es/es/,Mayoral nació en 1941 como una modesta empresa de calcetines y medias que ha evolucionado hasta convertirse en un …
Mayoral,Phishing/Scams,Mayoral,http://www.mayoral.net/lat/,Aviso legal | Política de privacidad | Política de cookies | Información sobre licencias de uso | © 2026 MAYORAL Todos los …
Mayoral,Phishing/Scams,Mayoral On-Line,https://www.mayoralonline.com/menu.asp?tipo=C,Accede a Mayoral On-Line para gestionar tu cuenta y servicios.
Mayoral,Annual Reports,"Mayoral ® España | Moda Online para Bebés, Niñas y Niños",https://www.mayoral.com/es/es/,Mayoral nació en 1941 como una modesta empresa de calcetines y medias que ha evolucionado hasta convertirse en un …
Mayoral,Annual Reports,Mayoral,http://www.mayoral.net/lat/,Aviso legal | Política de privacidad | Política de cookies | Información sobre licencias de uso | © 2026 MAYORAL Todos los derechos reservados.
Panama Jack,Phishing/Scams,Voyage Panama - Partir en vacances au Panama - Routard.com,https://www.routard.com/fr/guide/ameriques/panama,"Préparez votre voyage au Panama : incontournables et itinéraires, infos culturelles et pratiques, idées voyage, photos et forum."
Panama Jack,Phishing/Scams,Panama - Géographie et paysages - Routard.com,https://www.routard.com/fr/guide/a/geographie/ameriques/panama,"Découvrez la géographie et les paysages Panama : régions et écosystèmes, faune et flore, enjeux environnementaux."
Panama Jack,Phishing/Scams,Carte Panama - Plan Panama - Routard.com,https://www.routard.com/fr/guide/a/carte/ameriques/panama,"Carte Panama et plan Panama : carte et plan géographique avec villes, axes principaux, parcs nationaux, rivières et fleuves"
Panama Jack,Annual Reports,Voyage Panama - Partir en vacances au Panama - Routard.com,https://www.routard.com/fr/guide/ameriques/panama,"Préparez votre voyage au Panama : incontournables et itinéraires, infos culturelles et pratiques, idées voyage, photos et forum."
Panama Jack,Annual Reports,Panama - Géographie et paysages - Routard.com,https://www.routard.com/fr/guide/a/geographie/ameriques/panama,"Découvrez la géographie et les paysages Panama : régions et écosystèmes, faune et flore, enjeux environnementaux."
Pretty Ballerinas,Phishing/Scams,QUERY - Cправка - Редакторы Google Документов,https://support.google.com/docs/answer/3093343?hl=ru,"Выполняет запросы на базе языка запросов API визуализации Google. Пример использования QUERY (A2:E6; ""select avg (A) pivot B"") QUERY (A2:E6; F2; ЛОЖЬ) Синтаксис QUERY (данные; запрос; [заголовки])"
Pretty Ballerinas,Phishing/Scams,Hàm QUERY - Trình chỉnh sửa Google Tài liệu Trợ giúp,https://support.google.com/docs/answer/3093343?hl=vi,"Hàm QUERY Chạy truy vấn bằng Ngôn ngữ truy vấn của API Google Visualization trên nhiều dữ liệu. Ví dụ mẫu QUERY(A2:E6;""select avg(A) pivot B"") QUERY(A2:E6;F2;FALSE) Cú pháp QUERY(dữ_liệu; truy_vấn; [tiêu_đề]) dữ_liệu – Dải ô thực hiện truy vấn."
Pretty Ballerinas,Phishing/Scams,Función QUERY - Ayuda de Editores de Documentos de Google,https://support.google.com/docs/answer/3093343?hl=es-419,"Función QUERY Ejecuta una consulta sobre los datos con el lenguaje de consultas de la API de visualización de Google. Ejemplo de uso QUERY(A2:E6,""select avg(A) pivot B"") QUERY(A2:E6,F2,FALSO) Sintaxis QUERY(datos, consulta, [encabezados]) datos: Rango de celdas en el que se hará la consulta."
Pretty Ballerinas,Annual Reports,MyPrize US: Free Social Casino Games | Play & Win Prizes,https://myprize.us/,"Experience MyPrize US, America's premier social casino. Play free slots, table games, and more with no purchase needed. Join now and claim your welcome offers!"
Pretty Ballerinas,Annual Reports,MyPrize: Premium Online Casino Games | Play Games & Win,https://myprize.com/,"Experience world-class online casino gaming on MyPrize. Play slots, table games, and live dealer options from top providers. Join and claim your welcome offers!"
Lottusse,Phishing/Scams,ZO® Skin Health,https://zoskinhealth.ca/,"ZO® Skin Health provides a comprehensive range of solutions that will restore skin to a healthy state. From correcting sun damage and pigmentation to acne and aging, ZO® offers a simple, systematic …"
Lottusse,Phishing/Scams,Shop – ZO Skin Health CA,https://zoskinhealth.ca/en/shop/,"ZO® offers a simple, comprehensive approach to creating and maintaining healthy skin."
Lottusse,Phishing/Scams,Anti-Aging Skincare - ZO Skin Health Inc,https://zoskinhealth.ca/en/shop/by-solution/anti-aging-skincare/,"Reveal smoother, more radiant skin at any age with ZO® anti-aging skincare. Formulated to deliver real results, our products address the most common signs of aging, including wrinkles, fine lines, age …"
Lottusse,Annual Reports,Hulu on Disney+ FAQ & Megathread : r/DisneyPlus - Reddit,https://www.reddit.com/r/DisneyPlus/comments/1bxgemq/hulu_on_disney_faq_megathread/,"6 de abr. de 2024 · There are some exceptions due to streaming rights, which Disney is continuing to work on and even more content …"
Lottusse,Annual Reports,Disneyplus does NOT offer 1080p or higher resolution for any ... - Reddit,https://www.reddit.com/r/DisneyPlus/comments/lyaszh/disneyplus_does_not_offer_1080p_or_higher/,"5 de mar. de 2021 · It seems that Disney finally released an actual Windows app for Disney+. Theres no debug menu or anything anymore, …"
ISDIN,Phishing/Scams,Block Blast - Play Online,https://blockblast.game/,"Block Blast is a fun and addictive puzzle game where players strategically place colorful block pieces on a grid to create complete rows or columns. Once completed, the rows or columns disappear, earning …"
ISDIN,Phishing/Scams,BLOCK Definition & Meaning - Merriam-Webster,https://www.merriam-webster.com/dictionary/block,The meaning of BLOCK is a compact usually solid piece of substantial material especially when worked or altered to serve a particular purpose. How to use block in a sentence.
ISDIN,Phishing/Scams,"Block, Inc. - Wikipedia","https://en.wikipedia.org/wiki/Block,_Inc.","Later in the month, Block said in a regulatory filing that the CEO of its Square business, Alyssa Henry, was set to leave the company in October 2023, and that Jack Dorsey, serving then as the ""Block …"
ISDIN,Annual Reports,Will vs. Trust: Which Is Right For You? - Investopedia,https://www.investopedia.com/articles/personal-finance/051315/will-vs-trust-difference-between-two.asp,8 de sept. de 2025 · Will vs. Trust: Which Is Right For You? A will is a legal document that provides instructions for distributing …
ISDIN,Annual Reports,Will vs. Trust: What’s the Difference and Which Do You Ne…,https://www.ncoa.org/article/do-you-need-a-will-or-a-trust-heres-how-to-decide/,"17 de dic. de 2025 · Learn the difference between a will and a trust—and how each helps protect your assets, loved ones, …"
Natura Bissé,Phishing/Scams,悦碧施（Natura Bisse）是顶级护肤品品牌吗？,https://www.zhihu.com/question/60357993,悦碧施是比较高端的护肤品品牌了，宣传的比较少，所以知道的人可能不多。 它是西班牙的高端护肤品牌，创立于1979年，品牌内涵 …
Natura Bissé,Phishing/Scams,「NATURA ウィングキッチン京急川崎店」が3月14日（金）オー …,https://www.chiyodagrp.co.jp/press_release/2025/0314_03/,「NATURA ウィングキッチン京急川崎店」が 3月14日（金）オープン ！ アプリ会員限定のお得なキャンペーンを開催 ！ 当社は …
Natura Bissé,Phishing/Scams,ナトゥーラ（NATURA） | 靴とシューズの専門店 株式会社チヨダ,https://www.chiyodagrp.co.jp/natura/,オフィシャルからカジュアルまで、大人の足もとをプロデュース。ナトゥーラ（NATURA）を紹介しています。
Natura Bissé,Annual Reports,悦碧施（Natura Bisse）是顶级护肤品品牌吗？,https://www.zhihu.com/question/60357993,悦碧施是比较高端的护肤品品牌了，宣传的比较少，所以知道的人可能不多。 它是西班牙的高端护肤品牌，创立于1979年，品牌内涵是以精粹、自然、优雅、奢华为中心，一开始是最先收到西班牙皇室的喜 …
Natura Bissé,Annual Reports,「NATURA ウィングキッチン京急川崎店」が3月14日（金）オープ …,https://www.chiyodagrp.co.jp/press_release/2025/0314_03/,「NATURA ウィングキッチン京急川崎店」が 3月14日（金）オープン ！ アプリ会員限定のお得なキャンペーンを開催 ！ 当社は、2025年3月14日（金）、神奈川県川崎市の京急川崎駅隣接のウィン …
Cantabria Labs,Phishing/Scams,"International Business Machines Corporation (IBM) Stock Price, …",https://finance.yahoo.com/quote/IBM/,"13 de feb. de 2024 · Find the latest International Business Machines Corporation (IBM) stock quote, history, news and other vital information to help you with your stock trading and investing."
Cantabria Labs,Phishing/Scams,IBM Common Stock (IBM) Stock Price & News - Google Finance,https://www.google.com/finance/quote/IBM:NYSE,"Get the latest IBM Common Stock (IBM) real-time quote, historical performance, charts, and other financial information to help you make more informed trading and investment decisions."
Cantabria Labs,Phishing/Scams,IBM Stock Price Today | NYSE IBM - Investing.com Canada,https://ca.investing.com/equities/ibm,"View the real-time IBM (IBM) stock price. Assess historical data, charts, technical analysis and contribute in the forum."
Cantabria Labs,Annual Reports,Kosovo – Wikipedia,https://de.wikipedia.org/wiki/Kosovo,"Die Republik Kosovo, kurz der/das Kosovo (albanisch Kosovë/Kosova, serbisch Косово Kosovo), ist eine Republik in …"
Cantabria Labs,Annual Reports,"Kosovo | History, Map, Flag, Population, Languages, & Capital …",https://www.britannica.com/place/Kosovo,12 de ene. de 2026 · Although the United States and most members of the European Union (EU) recognized Kosovo’s …
Germaine de Capuccini,Phishing/Scams,"Current Local Time in Seattle, Washington, USA",https://www.timeanddate.com/worldclock/usa/seattle,"Get Seattle's weather and area codes, time zone and DST. Explore Seattle's sunrise and sunset, moonrise and moonset."
Germaine de Capuccini,Phishing/Scams,"Time in Seattle, Washington, United States now",https://time.is/Seattle,"Hace 2 días · Exact time now, time zone, time difference, sunrise/sunset time and key facts for Seattle, Washington, United States."
Germaine de Capuccini,Phishing/Scams,"Current local time in Seattle, Washington",https://24timezones.com/usa_time/wa_king/seattle.php,"Hace 4 días · This analog html clock is adjusted for Daylight Saving Time changes and always displays correct current local time for Seattle, …"
Germaine de Capuccini,Annual Reports,"575 Bellevue Sq, Bellevue, WA 98004 - Bellevue Square | LoopNet",https://www.loopnet.com/Listing/575-Bellevue-Sq-Bellevue-WA/30673315/,"23 de jun. de 2021 · Subject space is located at the South East corner of Bellevue Square. With over 200 retail tenants, shopping and entertainment options - this is the region's most dynamic shopping center."
Germaine de Capuccini,Annual Reports,Bellevue Square - Kemper Development Company,https://kdc.bellevuecollection.com/developments/bellevue-square/,"Bellevue Square features the majority of the quick serve and food specialty options at The Bellevue Collection. In addition, it provides some of the staple restaurants in the Dining District"
Sesderma,Phishing/Scams,Download the YouTube mobile app - Android - YouTube Help,https://support.google.com/youtube/answer/3227660?hl=en&co=GENIE.Platform=Android,Download the YouTube app for a richer viewing experience on your smartphone.
Sesderma,Phishing/Scams,YouTube Help - Google Help,https://support.google.com/youtube/?hl=en,"Learn more about YouTube YouTube help videos Browse our video library for helpful tips, feature overviews, and step-by-step tutorials. YouTube Known Issues Get information on reported technical …"
Sesderma,Phishing/Scams,Aide YouTube - Google Help,https://support.google.com/youtube/?hl=fr,"Centre d'aide officiel de YouTube où vous trouverez des conseils et des didacticiels sur l'utilisation du produit, ainsi que les réponses aux questions fréquentes."
Sesderma,Annual Reports,Automated Case Information,https://acis.eoir.justice.gov/en/,Hace 2 días · Welcome to the Automated Case Information System (ACIS). ACIS provides basic information about the …
Sesderma,Annual Reports,USCIS - Case Status Online - Case Status Search,https://egov.uscis.gov/,"Use this tool to track the status of an immigration application, petition, or request. The receipt number is a unique 13 …"
Cinfa,Phishing/Scams,Cinfa: El laboratorio farmacéutico más presente en hogares español…,https://www.cinfa.com/,Cinfa es un laboratorio que te ofrece soluciones farmacéuticas de calidad para tu salud y bienestar. Porque en Cinfa nos …
Cinfa,Phishing/Scams,Cinfa International. Salud de calidad accesible,https://www.cinfainternational.com/,© 2024 LABORATORIOS CINFA Cinfa España | Aviso legal | Política de privacidad | Política de cookies
Cinfa,Phishing/Scams,Log In - areaprivada.cinfa.com,https://areaprivada.cinfa.com/WebPedidos/Login/Login,Área privada de CINFA Pedidos y facturas Gestión bancaria Información fiscal Información de producto
Cinfa,Annual Reports,Cinfa: El laboratorio farmacéutico más presente en hogares españoles,https://www.cinfa.com/,Cinfa es un laboratorio que te ofrece soluciones farmacéuticas de calidad para tu salud y bienestar. Porque en Cinfa nos mueve la vida. …
Cinfa,Annual Reports,Cinfa International. Salud de calidad accesible,https://www.cinfainternational.com/,© 2024 LABORATORIOS CINFA Cinfa España | Aviso legal | Política de privacidad | Política de cookies
Almirall,Phishing/Scams,有没有能播放flash（swf文件）的官方独立播放器？ - 知乎,https://www.zhihu.com/question/391905596/answers/updated,1 de may. de 2020 · 链接直达：flash.cn/ Adobe Flash Player是一款免费Flash播放器，最初设计目的为播放2维向量动画，但至此之后成为适合开发创造丰 …
Almirall,Phishing/Scams,Looking for software to run .swf files (Flash Games) offline - Reddit,https://www.reddit.com/r/software/comments/ofj9i0/looking_for_software_to_run_swf_files_flash_games/,7 de jul. de 2021 · Hi! I've got an .swf file of a flash game. Unfortunately Ruffle isn't yet compatible with this particular game …
Almirall,Phishing/Scams,有没有能播放flash（swf文件）的官方独立播放器？ - 知乎,https://www.zhihu.com/question/391905596,1 de may. de 2020 · 有没有能播放flash（swf文件）的官方独立播放器？ 官网的flash player应该只是浏览器的插件，而Adobe animate体积大还是付费 …
Almirall,Annual Reports,Zones of Qatar - Wikipedia,https://en.wikipedia.org/wiki/Zones_of_Qatar,"In the administrative divisions of Qatar, zones (Arabic: مَنَاطِق manāṭiq; singular مِنْطَقَة minṭaqa) are the second-highest level of government after municipalities."
Almirall,Annual Reports,Qatar’s Zones List 2025 - Data-Driven Look into Every District,https://seekqatar.com/guide/qatar-zones-list/,"29 de may. de 2025 · Live, invest, or study in Qatar? Find the best Qatar's zones in 2025 based on population density, housing ROI, schooling, and health services."
Grifols,Phishing/Scams,Soluciones Biofarmacéuticas y Sanitarias | Grifols,https://www.grifols.com/es/home,"Grifols es una compañía global líder en el sector de la salud. Nuestros innovadores medicamentos derivados del plasma, otros productos …"
Grifols,Phishing/Scams,"Grifols - Wikipedia, la enciclopedia libre",https://es.wikipedia.org/wiki/Grifols,La historia de Grifols empezó en 1909 cuando el hematólogo y científico Josep Antoni Grífols i Roig fundó un laboratorio de análisis clínicos …
Grifols,Phishing/Scams,Grifols,https://www.grifolsplasma.com/es/grifols,Sobre Grifols Grifols es una compañía global del sector de la salud fundada en Barcelona en 1909 comprometida con mejorar la salud y el …
Grifols,Annual Reports,Soluciones Biofarmacéuticas y Sanitarias | Grifols,https://www.grifols.com/es/home,"Grifols es una compañía global líder en el sector de la salud. Nuestros innovadores medicamentos derivados del plasma, otros productos biofarmacéuticos y soluciones en medicina transfusional …"
Grifols,Annual Reports,"Grifols - Wikipedia, la enciclopedia libre",https://es.wikipedia.org/wiki/Grifols,"La historia de Grifols empezó en 1909 cuando el hematólogo y científico Josep Antoni Grífols i Roig fundó un laboratorio de análisis clínicos en Barcelona: el Instituto Central de Análisis Clínicos, …"
Mercadona,Phishing/Scams,Mercadona,https://www.mercadona.es/,"Empieza tu compra online en Mercadona, encuentra nuestros supermercados más cercanos o descubre cómo trabajar con nosotros"
Mercadona,Phishing/Scams,Portal de Empleo - Mercadona,https://mercadona.avature.net/es_ES/Careers/Home,"Qué te ofrecemos Estabilidad económica En Mercadona te necesitamos, nos gustaría contar contigo a largo plazo y proporcionarte estabilidad."
Mercadona,Phishing/Scams,Supermercados Mercadona en Madrid | Horarios y teléfonos,https://www.tiendeo.com/Tiendas/madrid/mercadona,"Encuentra las direcciones, teléfonos y horarios de Mercadona en Madrid y las ofertas de supermercados. ⌕ ¡Infórmate en Tiendeo!"
Mercadona,Annual Reports,Mercadona,https://www.mercadona.es/,"Empieza tu compra online en Mercadona, encuentra nuestros supermercados más cercanos o descubre cómo trabajar con nosotros"
Mercadona,Annual Reports,Portal de Empleo - Mercadona,https://mercadona.avature.net/es_ES/Careers/Home,"Qué te ofrecemos Estabilidad económica En Mercadona te necesitamos, nos gustaría contar contigo a largo plazo y proporcionarte estabilidad."
Estrella Galicia,Phishing/Scams,estrella是什么意思？_百度知道,https://zhidao.baidu.com/question/691560645573599132.html,Estrella 作为一个女孩的名字是拉丁语派生的，名字Estrella意味着“星状-爱”。 Estrella是阿斯塔（希腊语，古老的诺斯）的版本：也是阿纳斯塔西亚的一个版本。Estrella也是Estelle（古法语，拉丁语）的 …
Estrella Galicia,Phishing/Scams,estrella是什么意思? - 百度知道,https://zhidao.baidu.com/question/719589661915716125.html,Estrella 作为一个女孩的名字是 拉丁语 派生的，名字Estrella意味着“星状-爱”。 Estrella是 阿斯塔 （希腊语，古老的诺斯）的版本：也是阿纳斯塔西亚的一个版本。Estrella也是Estelle（古法语，拉丁语） …
Estrella Galicia,Phishing/Scams,estrella怎么读 - 百度知道,https://zhidao.baidu.com/question/1905229967765943900.html,estrella怎么读：美 [ˌɛˈstrɛlə]. Estrella 作为一个女孩的名字是拉丁语派生的，名字Estrella意味着“星状-爱”。 Estrella是阿斯塔（希腊语，古老的诺斯）的版本：也是阿纳斯塔西亚的一个版本。Estrella也 …
Estrella Galicia,Annual Reports,estrella是什么意思？_百度知道,https://zhidao.baidu.com/question/691560645573599132.html,Estrella 作为一个女孩的名字是拉丁语派生的，名字Estrella意味着“星状-爱”。 Estrella是阿斯塔（希腊语，古老的诺斯）的版本：也是阿纳斯塔西亚的一个 …
Estrella Galicia,Annual Reports,estrella是什么意思? - 百度知道,https://zhidao.baidu.com/question/719589661915716125.html,Estrella 作为一个女孩的名字是 拉丁语 派生的，名字Estrella意味着“星状-爱”。 Estrella是 阿斯塔 （希腊语，古老的诺斯）的版本：也是阿纳斯塔西亚的一个 …
Mahou,Phishing/Scams,'freeporn' Search - XNXX.COM,https://www.xnxx.com/search/freeporn,For more videos - #pornvideos #freeporn 7.6k 93% 7sec - 1080p Hardcorefullvids Hot and sensual fucking video #fuck #orgasm …
Mahou,Phishing/Scams,"Free Porn, Sex, Tube Videos, XXX Pics, Pussy in Porno Movies - XN…",https://www.xnxx.com/,XNXX delivers free sex movies and fast free porn videos (tube porn). Now 10 million+ sex vids available for free! Featuring hot …
Mahou,Phishing/Scams,Today's selection - XNXX.COM,https://www.xnxx.com/todays-selection/,XNXX Today's selection Teacher's Naughty Tutoring: Petite MILF Prof Teases Her Tits to Two Horny Students. Ends Up Double …
Mahou,Annual Reports,Harstad – Wikipedia,https://no.wikipedia.org/wiki/Harstad,Under kommunereformen i 1964 ble Harstad slått sammen med de to tidligere kommunene Trondenes og Sandtorg. Omlandet omkring byen er et tradisjonelt bondeland med god jordkvalitet.
Mahou,Annual Reports,Harstad – kommune i Troms – Store norske leksikon,https://snl.no/Harstad,"Harstad er en by og kommune sørvest i Troms fylke. Kommunen omfatter østsiden av Hinnøya mot Tjeldsundet og Vågsfjorden, samt øyene nord for Hinnøya, mellom Vågsfjorden og Andfjorden, blant …"
Osborne,Phishing/Scams,كيفية الوصول إلى برج خليفة: طرق سهلة للوصول إلى المترو والحافلات ...,https://vacatis.com/ar/كيفية-الوصول-إلى-برج-خليفة/,الوصول إلى برج خليفة: يمكنك الوصول إليه بسهولة بالمترو أو الحافلة أو السيارة. مترو الخط الأحمر إلى محطة دبي مول هو الخيار الأسرع.
Osborne,Phishing/Scams,كيف تصل إلى Burj Khalifa (برج خليفة) فيDubai بـ مترو أو حافلة,https://moovitapp.com/index/ar/النقل_العام-Burj_Khalifa_برج_خليفة-Dubai_Abu_Dhabi-site_19121674-3824,"كيف تصل الى Burj Khalifa (برج خليفة) من خلال مترو؟ أنقر على طريق مترو لمشاهدة الاتجاهات على الخريطة وأوقات الوصول والجداول الزمنية المحددة بالتفصيل. من Grand Excelsior Hotel Deira, Dubai 49 دقيقة من Crown Plaza Hotel, Dubai"
Osborne,Phishing/Scams,احجز تذاكرك لقمة برج خليفة، أطول مبنى في العالم | زوروا دبي,https://www.visitdubai.com/ar/places-to-visit/burj-khalifa,اطلع على المعلومات حول كيفية الوصول إلى برج خليفة و احجز تذاكرك الآن لتستمتع بقمة أطول مبنى في العالم! اكتشف مناظر ساحرة من السماء واحصل على تجربة لا تُنسى.
Osborne,Annual Reports,Sean Grayson sentenced to 20 years in fatal Sonya Massey shooting,https://www.usatoday.com/story/news/nation/2026/01/29/sean-grayson-sentenced-sonya-massey-killing/88414663007/,"Hace 20 horas · The former sheriff's deputy was convicted of second-degree murder for fatally shooting Sonya Massey, a mother of two, in the face after she called 911."
Osborne,Annual Reports,Sean Grayson sentenced to 20 years in prison for fatal ...,https://abcnews.go.com/US/sean-grayson-faces-20-years-prison-fatal-shooting/story?id=129668798,Hace 1 día · Former sheriff's deputy Sean Grayson was sentenced to 20 years in prison on Thursday after he was convicted of second-degree murder in the fatal shooting of Sonya Massey.
Cinco Jotas,Phishing/Scams,Cinco Días: economía y mercados,https://cincodias.elpais.com/,"Hace 1 día · Noticias de última hora sobre economía, mercados, pymes y emprendedores, empresas, finanzas y tecnología en Cinco Días y EL PAÍS Economía."
Cinco Jotas,Phishing/Scams,Ibex 35: cotización en Bolsa | Mercados en Cinco Días,https://cincodias.elpais.com/mercados/bolsa/ibex-35/,"Hace 4 días · Cotización del Ibex 35 en directo: empresas, acciones, capital, rentabilidad, gráficos, cierre, históricos y toda la información del Ibex 35 con Cinco Días."
Cinco Jotas,Phishing/Scams,Empresas en Cinco Días,https://cincodias.elpais.com/companias/,"Hace 1 día · La última hora de las empresas más importantes en Cinco Días: datos, cotizaciones y últimas noticias."
Cinco Jotas,Annual Reports,Cinco Días: economía y mercados,https://cincodias.elpais.com/,"Hace 1 día · Noticias de última hora sobre economía, mercados, pymes y emprendedores, empresas, finanzas y tecnología en Cinco Días y EL PAÍS Economía."
Cinco Jotas,Annual Reports,Ibex 35: cotización en Bolsa | Mercados en Cinco Días,https://cincodias.elpais.com/mercados/bolsa/ibex-35/,"Hace 4 días · Cotización del Ibex 35 en directo: empresas, acciones, capital, rentabilidad, gráficos, cierre, históricos y toda la información del Ibex 35 con Cinco Días."
Joselito Ham,Phishing/Scams,‎RuPaul’s Drag Race: All Stars | موقع Netflix الرسمي,https://qr.netflix.com/qa/title/81040957,"تتحوّل ملكات مواسم سابقة من شخصيّات مُفضّلة لدى الجمهور إلى شرّيرات يتنافسن على جائزة قدرها 100,000 دولار ومركز منشود بين الفائزات بالسّباق. شاهد المقدمات وتعرّف على المزيد."
Joselito Ham,Phishing/Scams,‫RuPaul's Drag Race - مسلسل يُعرض أونلاين,https://www.justwatch.com/eg/tv-show/rupauls-drag-race,اعرفوا أين يمكنكم مشاهدة المواسم أونلاين الآن!
Joselito Ham,Phishing/Scams,برايم فيديو: RuPaul's Drag Race All Stars Season 8,https://www.primevideo.com/-/ar/detail/RuPauls-Drag-Race-All-Stars/0FY1PRUUP6WA0NOOW1GDYGTQGP,RuPaul's Drag Race All Stars Season 8 brings back 12 of your favorite queens from across the Ru-niverse to compete for a coveted spot in …
Joselito Ham,Annual Reports,Amazon.com. Spend less. Smile more.,https://www.amazon.com/,Amazon Business Card Shop with Points Credit Card Marketplace Reload Your Balance Gift Cards Amazon Currency Converter Let Us Help You …
Joselito Ham,Annual Reports,Amazon,https://selection.amazon.com/sign-in?redirect_to=/&mons_redirect=sign_in,Choose Your Login Please select your Identity Provider below.
Vega Sicilia,Phishing/Scams,AMD发布的7nm Vega Ⅱ系列显卡性能如何？是否可以和RTX 2080显 …,https://www.zhihu.com/question/308615311,Radeon VII ( 7nm Vega 20 ) 以高出 RTX 2080 近 100W 的功耗 ( 推测值 ) ，实现了与 RTX 2080 相近的性能。另外，由于其定价也与 RTX 2080 相同，唯一的优势可能只剩 16GB 的显存了。 因此，即便 …
Vega Sicilia,Phishing/Scams,Vega Ai怎么回事？倒闭了？还是被卖了？ - 知乎,https://www.zhihu.com/question/621799493,13 de sept. de 2023 · 文心一格是基于文心大模型的创意辅助平台，旨在帮助用户通过AI技术提升设计效率与创意表现。
Vega Sicilia,Phishing/Scams,右脑科技推出的 AI 绘画工具 Vega AI 的水平如何？在国内 AI 生成领域 …,https://www.zhihu.com/question/589272521,13 de mar. de 2023 · 右脑科技推出的 AI 绘画工具 Vega AI 的水平如何？ 在国内 AI 生成领域有什么特别之处？ 使用了一下觉得挺厉害的，不知道在国内 AI 绘画工具上算不算数一数二的？ 指路：Vega AI  …
Vega Sicilia,Annual Reports,AMD发布的7nm Vega Ⅱ系列显卡性能如何？是否可以和RTX …,https://www.zhihu.com/question/308615311,Radeon VII ( 7nm Vega 20 ) 以高出 RTX 2080 近 100W 的功耗 ( 推测值 ) ，实现了与 RTX 2080 相近的性能。另外，由于其定价也与 RTX 2080 相同，唯一的优势可能只剩 16GB 的显存了。 …
Vega Sicilia,Annual Reports,Vega Ai怎么回事？倒闭了？还是被卖了？ - 知乎,https://www.zhihu.com/question/621799493,13 de sept. de 2023 · 文心一格是基于文心大模型的创意辅助平台，旨在帮助用户通过AI技术提升设计效率与创意表现。
Familia Torres,Phishing/Scams,有哪些下载ed2k的软件？ - 知乎,https://www.zhihu.com/question/66632151?sort=created,都是一些无良的推荐，上面问可以下载ed2k的软件，你们回答问题之前都试了吗？推荐 BitComet 比特彗星、 Motrix 、 qBittorrent 、 uTorrent 、BitComet，文件蜈蚣，FDM？都是bt和磁力链那个能下 …
Familia Torres,Phishing/Scams,生物上有没有某个属（genus）不属于其同名科（familia）的例子？,https://www.zhihu.com/question/401842247,生物上有没有某个属（genus）不属于其同名科（familia）的例子？ 例如，假设因为分类变动，导致蔷薇属（Rosa）被移动到别的科，但蔷薇科（Rosaceae）却没有被改名。 抑或是这种情况下，同名科 …
Familia Torres,Phishing/Scams,family这个词是的起源是什么? - 知乎,https://www.zhihu.com/question/442908018,"From Early Modern English familie (not in Middle English), from Latin familia (“the servants in a household, domestics collectively”), from famulus (“servant”) or famula (“female servant”), from Old …"
Familia Torres,Annual Reports,有哪些下载ed2k的软件？ - 知乎,https://www.zhihu.com/question/66632151?sort=created,都是一些无良的推荐，上面问可以下载ed2k的软件，你们回答问题之前都试了吗？推荐 BitComet 比特彗星、 Motrix 、 qBittorrent 、 uTorrent 、BitComet， …
Familia Torres,Annual Reports,生物上有没有某个属（genus）不属于其同名科（familia）的例子？,https://www.zhihu.com/question/401842247,生物上有没有某个属（genus）不属于其同名科（familia）的例子？ 例如，假设因为分类变动，导致蔷薇属（Rosa）被移动到别的科，但蔷薇 …
Freixenet,Phishing/Scams,Query - Wikipedia,https://nl.wikipedia.org/wiki/Query,"Met een query (Engels voor vraagstelling) wordt in de informatica een opdracht bedoeld die aan een database wordt gegeven om een bepaalde actie uit te voeren, die ook potentieel …"
Freixenet,Phishing/Scams,Query Betekenis: Wat is het en Hoe Gebruik Je het Effectief?,https://wooms.nl/query-betekenis/,19 de feb. de 2025 · In de wereld van computers en databases is een query een precieze instructie. Het vertelt de computer precies welke informatie je wilt hebben en hoe het die moet …
Freixenet,Phishing/Scams,Wat is een query? Simpele uitleg + Leer zelf queries maken!,https://programmeerplaats.nl/wat-is-een-query/,3 de sept. de 2022 · Vraag jij je af wat een query is? Dan zit je hier goed! Een query is simpel gezegd een opdracht aan een database. Lees lekker verder om nog meer te weten te komen …
Freixenet,Annual Reports,Gamma Monterrey Gran Hotel Ancira,https://www.fiestamericanatravelty.com/gamma-hoteles/hoteles/gamma-monterrey-gran-hotel-ancira,Descubre la esencia y la magia de la ciudad hospedándote en Gamma Monterrey Gran Hotel Ancira. Esta ciudad que te muestra lo más encantador de México con su personalidad única y detalles …
Freixenet,Annual Reports,GAMMA MONTERREY GRAN HOTEL ANCIRA SALÓN DE SPA,https://gammagranancira.monterreymhotel.com/es/,Disfruta de vistas a la ciudad durante tu estancia en este hotel. El Gamma Monterrey Gran Hotel Ancira sirve un desayuno buffet por la mañana. El bar en el vestíbulo proporciona un buen lugar para …
Deoleo,Phishing/Scams,Turlock Family Dentistry - Patient Info,https://www.turlockfamilydentistry.com/new-patient-information/,Welcome to our New Patient Information page. Contact Turlock Family Dentistry today at (209) 668-4013 or visit our …
Deoleo,Phishing/Scams,Best Dental Implants in Turlock | Implant Dentist Near You,https://dentalimplantsturlockca.com/,"Our dental office in Turlock specializes in dental implants. If you're looking for an implant dentist near you, choose Dr. …"
Deoleo,Phishing/Scams,HEALTHY SMILE DENTAL - Updated January 2026 - 19 Phot…,https://www.yelp.com/biz/healthy-smile-dental-turlock,"9 de ago. de 2018 · Specialties: At Healthy Smile Dental, patients come first and are the top priority. From reception to checkout, …"
Deoleo,Annual Reports,EveryDayBingQuiz - Reddit,https://www.reddit.com/r/EveryDayBingQuiz/,"Welcome all of you, here you will get daily answers of Microsoft Rewards (Bing Quiz) like Bing Homepage Quiz, Bing Supersonic Quiz, Bing News Quiz, Bing Entertainment Quiz, Warpspeed …"
Deoleo,Annual Reports,Bing homepage quiz : r/MicrosoftRewards - Reddit,https://www.reddit.com/r/MicrosoftRewards/comments/r8qjk5/bing_homepage_quiz/,"4 de dic. de 2021 · While these are the right answers and this quiz is still currently bugged, you don't lose points for wrong answers on this quiz."
El Pozo,Phishing/Scams,"请问什么是GL, EL, GLE, ELE, ELC？_百度知道",https://zhidao.baidu.com/question/1777847180870318700.html,"5 de nov. de 2023 · 请问什么是GL, EL, GLE, ELE, ELC？小区域范围的建筑，GL作为图面标示高程的方式，以计算和道路的高差。GL（Ground Level）是相对高程，常用公分作单位。譬如指定道路某处 …"
El Pozo,Phishing/Scams,护照em和el有什么区别 - 百度知道,https://zhidao.baidu.com/question/1587382118119433900.html,"12 de dic. de 2024 · 护照号码中的""EM""与""EL""前缀代表了不同的签发时间和批次。随着护照需求的增加，为了满足更多的编号需求，前缀的位数可能从一位增加到了两位。因此，“EM”与“EL”只是表示在 …"
El Pozo,Phishing/Scams,工程图纸中的EL是什么意思啊？_百度知道,https://zhidao.baidu.com/question/309049514.html,工程图纸中的EL是：中心标高 E在英文中是方向东的首字母，N是北，EL是中心标高，一般在图纸中表示方向坐标用的。 标高表示建筑物某一部位相对于基准面 (标高的零点)的竖向高度，是竖向定位的依 …
El Pozo,Annual Reports,"请问什么是GL, EL, GLE, ELE, ELC？_百度知道",https://zhidao.baidu.com/question/1777847180870318700.html,"5 de nov. de 2023 · 请问什么是GL, EL, GLE, ELE, ELC？小区域范围的建筑，GL作为图面标示高程的方式，以计算和道路的高差。GL（Ground Level）是相对高程，常用公分作单位。譬如指定道路某处 …"
El Pozo,Annual Reports,护照em和el有什么区别 - 百度知道,https://zhidao.baidu.com/question/1587382118119433900.html,"12 de dic. de 2024 · 护照号码中的""EM""与""EL""前缀代表了不同的签发时间和批次。随着护照需求的增加，为了满足更多的编号需求，前缀的位数可能从一位增加到了两位。因此，“EM”与“EL”只是表示在 …"
Valor Chocolates,Phishing/Scams,Amazon.com. Spend less. Smile more.,https://www.amazon.com/,Amazon Business Card Shop with Points Credit Card Marketplace Reload Your Balance Gift Cards Amazon Currency Converter Let Us Help You Your Account Your Orders Shipping Rates & Policies …
Valor Chocolates,Phishing/Scams,"Amazon Careers: Impact the Future, Today",https://www.amazon.jobs/,"At Amazon, what we’re building today defines tomorrow. Explore internships, apprenticeships, and full-time roles where you can think big, learn from others, and make an impact."
Valor Chocolates,Phishing/Scams,Amazon Prime Membership,https://www.aboutamazon.com/what-we-do/prime,"4 de nov. de 2025 · An Amazon Prime membership comes with much more than fast, free delivery. Check out the shopping, entertainment, healthcare, and grocery benefits, plus Prime Day updates …"
Valor Chocolates,Annual Reports,YouTube,https://www.youtube.com/,"Enjoy the videos and music you love, upload original content, and share it all with friends, family, and the world on YouTube."
Valor Chocolates,Annual Reports,YouTube - Apps on Google Play,https://play.google.com/store/apps/details?id=com.google.android.youtube&hl=en-US,Get the official YouTube app on Android phones and tablets. See what the world is watching -- from the hottest music videos to what’s …
Banco Santander,Phishing/Scams,banco什么意思 - 百度知道,https://zhidao.baidu.com/question/372702742779380052.html,24 de jul. de 2024 · banco什么意思Banco的意思是银行。关于Banco这个词的解释如下：一、基础含义Banco在西班牙语中直接对应英文的“Bank”，即银 …
Banco Santander,Phishing/Scams,中信银行人工服务电话是多少 - 百度知道,https://zhidao.baidu.com/question/274900969233475365.html,10 de nov. de 2023 · 中信银行人工服务电话是多少 中信银行客服电话人工服务：拨打中信银行95558——按1选择中信银行——按0接通人工服务。中信银行境外 …
Banco Santander,Phishing/Scams,樱花动漫6官网官方进入入口在哪 - 百度知道,https://zhidao.baidu.com/question/636019891213912364.html,19 de nov. de 2023 · 樱花动漫6官网官方进入入口在哪官方微博、官方公众号、浏览器搜索等。1、官方微博：在樱花动漫的官方微博账号中，找到并点击官网链 …
Banco Santander,Annual Reports,banco什么意思 - 百度知道,https://zhidao.baidu.com/question/372702742779380052.html,24 de jul. de 2024 · banco什么意思Banco的意思是银行。关于Banco这个词的解释如下：一、基础含义Banco在西班牙语中直接对应英文的“Bank”，即银行。它是一个金融机构，主要业务包括接受存款、提供贷 …
Banco Santander,Annual Reports,中信银行人工服务电话是多少 - 百度知道,https://zhidao.baidu.com/question/274900969233475365.html,10 de nov. de 2023 · 中信银行人工服务电话是多少 中信银行客服电话人工服务：拨打中信银行95558——按1选择中信银行——按0接通人工服务。中信银行境外客服电话；境外拨打中信银行客服电话：86-10 …
BBVA,Phishing/Scams,EXCEL表格如何删除空白的多达几万条的空白行列？ - 知乎,https://www.zhihu.com/question/325243645,常常遇到这样的情况：表格明明很小，可是下面的滚动条却很短，滚动范围很长很长，多达几万条空白行列。 Excel无尽空白行删不了，可以试试以下两个方法： 方法一： 1、首先选中想要删除的空白行的 …
BBVA,Phishing/Scams,小宝哥 的想法: 欧洲银行最新排名前44 | 截至2024年6月，欧洲最大的 …,https://www.zhihu.com/pin/1853829992116523008,西班牙对外银行（BBVA）：资产约9000亿欧元。 西班牙银行（Banco Sabadell）：资产约8000亿欧元。 法国兴业银行（Société Générale）：资产约8000亿欧元。 意大利银行（Banco BPM）：资产 …
BBVA,Phishing/Scams,如何看待西班牙BBVA银行针对中国人冻结银行账户的行为?是否存在 …,https://www.zhihu.com/question/311992363,最后找到了USERA的BBVA，他说可以给我办卡，但是我必须每个月交11欧的保险，如果我要取消，就会强制销户。 2018年十一月份，西班牙大面积封过一次银行账户。 我们留学生都是父母从国内打钱来 …
BBVA,Annual Reports,EXCEL表格如何删除空白的多达几万条的空白行列？ - 知乎,https://www.zhihu.com/question/325243645,常常遇到这样的情况：表格明明很小，可是下面的滚动条却很短，滚动范围很长很长，多达几万条空白行列。 Excel无尽空白行删不了，可以试试以下两个方法： 方法一： 1、首先选中想要删除的空白行的 …
BBVA,Annual Reports,小宝哥 的想法: 欧洲银行最新排名前44 | 截至2024年6月，欧洲最大的 …,https://www.zhihu.com/pin/1853829992116523008,西班牙对外银行（BBVA）：资产约9000亿欧元。 西班牙银行（Banco Sabadell）：资产约8000亿欧元。 法国兴业银行（Société Générale）：资产约8000亿欧元。 意大利银行（Banco BPM）：资产 …
CaixaBank,Phishing/Scams,Banca online para Particulares | CaixaBank,https://www.caixabank.es/index_es.html,"Consulta nuestros productos financieros para Particulares. Tus cuentas, préstamos, hipotecas, tarjetas o fondos de inversión con acceso y contratación online en CaixaBank."
CaixaBank,Phishing/Scams,Banca Digital | Particulares | CaixaBank,https://www.caixabank.es/particular/banca-digital.html,Descubre todas las ventajas de la banca a distancia con el servicio Banca Digital. Banca por Internet de CaixaBank.
CaixaBank,Phishing/Scams,General | Particulares | CaixaBank,https://www.caixabank.es/particular/general_es.html,"Productos y Servicios a empresas y particulares, cuentas, acceso a CaixaBanknow además de ventajas y regalos para los clientes de CaixaBank"
CaixaBank,Annual Reports,Banca online para Particulares | CaixaBank,https://www.caixabank.es/index_es.html,"Consulta nuestros productos financieros para Particulares. Tus cuentas, préstamos, hipotecas, tarjetas o fondos de inversión con acceso y contratación online en CaixaBank."
CaixaBank,Annual Reports,Banca Digital | Particulares | CaixaBank,https://www.caixabank.es/particular/banca-digital.html,Descubre todas las ventajas de la banca a distancia con el servicio Banca Digital. Banca por Internet de CaixaBank.
Mapfre,Phishing/Scams,Garantie panne mécanique pour véhicule d'occasion - Mapfre,https://forum.quechoisir.org/garantie-panne-mecanique-pour-vehicule-d-occasion-mapfre-t17868.html,"12 de jun. de 2013 · Bonjour, je suis couvert par la garantie mapfre (panne mécanique, rachat de franchise + perte financière depuis 3 ans. Mon véhicule avait 52000km. Aucun retard de paiement …"
Mapfre,Phishing/Scams,Le forum des consommateurs - UFC-Que Choisir,https://forum.quechoisir.org/peut-on-faire-reparer-un-vehicule-apres-passage-de-l-expert-mais-avant-la-reponse-de-l-assurance-t377942.html,Hace 4 días · Venez contribuer au forum de la 1re association de consommateurs de France !
Mapfre,Phishing/Scams,Création d'endettement EDF - Electricité - Gaz - Forum Que Choisir,https://forum.quechoisir.org/creation-d-endettement-edf-t377938.html,Hace 4 días · Venez contribuer au forum de la 1re association de consommateurs de France !
Mapfre,Annual Reports,Garantie panne mécanique pour véhicule d'occasion - Mapfre,https://forum.quechoisir.org/garantie-panne-mecanique-pour-vehicule-d-occasion-mapfre-t17868.html,"12 de jun. de 2013 · Bonjour, je suis couvert par la garantie mapfre (panne mécanique, rachat de franchise + perte financière depuis 3 ans. Mon véhicule avait 52000km. Aucun retard de paiement (34€/mois) et …"
Mapfre,Annual Reports,Le forum des consommateurs - UFC-Que Choisir,https://forum.quechoisir.org/peut-on-faire-reparer-un-vehicule-apres-passage-de-l-expert-mais-avant-la-reponse-de-l-assurance-t377942.html,Hace 4 días · Venez contribuer au forum de la 1re association de consommateurs de France !
Mutua Madrileña,Phishing/Scams,Fortnite Battle Royale - jeuxvideo.com,https://www.jeuxvideo.com/jeux/jeu-818602/,"Fortnite Battle Royale : retrouvez toutes les informations et actualités du jeu sur tous ses supports. Fortnite Battle Royale sur PC est le mode JcJ à 100 joueurs de Fortnite, jouable totalement ..."
Mutua Madrileña,Phishing/Scams,Fortnite - jeuxvideo.com,https://www.jeuxvideo.com/jeux/jeu-77986/,Fortnite : retrouvez toutes les informations et actualités du jeu sur tous ses supports. Fortnite est un Tower-Defense orienté sandbox. Les joueurs se réunissent en équipe et doivent crafter ...
Mutua Madrileña,Phishing/Scams,《堡垒之夜》（fortnite）这款游戏好玩吗？ - 知乎,https://www.zhihu.com/question/46443541,最近看到了Epic Games出的款游戏——《堡垒之夜》，《我的世界》+《兽人必须死》风格，在国服wegame可下…
Mutua Madrileña,Annual Reports,Calculator,https://www.calculatorsoup.com/calculators/math/basic.php,"29 de oct. de 2025 · Use this basic calculator online for math with addition, subtraction, division and multiplication. The calculator includes functions for square root, percentage, pi, exponents, powers and …"
Mutua Madrileña,Annual Reports,What is 2 plus 5? - Addition calculator,https://fractioncalculator.pro/calc/What-is_2_plus_5,"So, 5 + 2 = 2 + 5 = 7. Here you can find a addition calculator to add 2 to 5 or to add any other amount."
Cirsa,Phishing/Scams,Understanding your CP288 notice - Internal Revenue Service,https://www.irs.gov/individuals/understanding-your-cp288-notice,CP288 tells you we accepted your election or treatment as a Qualified Subchapter S Trust (QSST).
Cirsa,Phishing/Scams,Using qualified Subchapter S trusts (QSSTs) - The Tax Adviser,https://www.thetaxadviser.com/issues/2017/dec/using-qssts/,"1 de dic. de 2017 · Net investment income tax of a QSST. Individuals, estates, and certain trusts are subject to a net investment income tax, which is an additional tax of 3.8%."
Cirsa,Phishing/Scams,QUALIFIED SUBCHAPTER S TRUST (QSST) - CMRS Law,https://cmrs-law.com/cmrs/30-different-types-of-trusts/qualified-subchapter-s-trust-qsst/,"Although Qualified Subchapter S Trusts (QSSTs) are an option, they have disadvantages. For example, only one beneficiary can benefit from the QSST throughout their lifetime. As a result, the beneficiary’s …"
Cirsa,Annual Reports,Günstige Unterkünfte in Dresden – schon ab 25€,https://www.preiswert-uebernachten.de/hotel-pensionen/budget/dresden/1,"Hace 4 días · Unsere Seite bietet eine breite Auswahl an preiswerten Unterkünften in Dresden, von Hostels und Pensionen bis zu günstigen Hotels und Ferienwohnungen. Nutzen Sie unsere Suchfilter, …"
Cirsa,Annual Reports,Übernachtung buchen | Landeshauptstadt Dresden,https://www.dresden.de/de/tourismus/buchen/uebernachtung.php,"22 de ago. de 2025 · Suchen und finden Sie Ihre Unterkunft: von Hotel bis Pension, von Hostel bis Ferienwohnung. Das Team der Dresden Information ist Ihnen gern behilflich."
Codere,Phishing/Scams,Apuestas Deportivas y Casino » Bono hasta 200€ | Codere®,https://www.codere.es/,"Codere: La Casa de Apuestas Deportivas en España ¡Bienvenido a Codere.es, la casa líder en apuestas deportivas online en España! Si vives el deporte con pasión, este es tu sitio. Disfruta de …"
Codere,Phishing/Scams,El Casino Online #1 de España » Bono hasta 200€ | Codere®,https://www.codere.es/casino,"Juega y diviértete en el Casino en Línea de Codere 🎲. Disfruta de ruleta, blackjack, slots y más juegos en vivo. ¡Vive la emoción y apuesta en grande!"
Codere,Phishing/Scams,Vive las Apuestas Online de Fútbol » Bono hasta 200€ | Codere®,https://www.codere.es/cuotas-deportivas/apuestas-futbol,"Bienvenidos a Codere, la mejor casa de apuestas deportivas de España. Codere pone a tu disposición la plataforma Online más completa para que apuestes en partidos de fútbol de varias ligas de todo el …"
Codere,Annual Reports,Apuestas Deportivas y Casino » Bono hasta 200€ | Codere®,https://www.codere.es/,"Codere: La Casa de Apuestas Deportivas en España ¡Bienvenido a Codere.es, la casa líder en apuestas deportivas online en España! Si vives el deporte con pasión, este es tu sitio. Disfruta de mercados exclusivos y cuotas altamente competitivas en LaLiga, Champions League, F1, tenis, UFC y mucho más."
Codere,Annual Reports,El Casino Online #1 de España » Bono hasta 200€ | Codere®,https://www.codere.es/casino,"Juega y diviértete en el Casino en Línea de Codere 🎲. Disfruta de ruleta, blackjack, slots y más juegos en vivo. ¡Vive la emoción y apuesta en grande!"
Seat,Phishing/Scams,Yahoo,https://www.yahoo.com/,"News, email and search are just the beginning. Discover more every day. Find your yodel."
Seat,Phishing/Scams,Yahoo Search - Web Search,https://search.yahoo.com/,"The search engine that helps you find exactly what you're looking for. Find the most relevant information, video, images, and answers from all across the Web."
Seat,Phishing/Scams,Yahoo Mail | Email with smart features and top-notch security,https://mail.yahoo.com/,"Yahoo Mail: Your smarter, faster, free email solution. Organize your inbox, protect your privacy, and tackle tasks efficiently with AI-powered features and robust security tools."
Seat,Annual Reports,Cash App Login: Sign in to your account,https://cash.app/login,"Sign in to your Cash App account. View transaction history, manage your account, and send payments."
Seat,Annual Reports,"Send, Receive, Invest, & Manage Your Money with Cash App",https://cash.app/,"Download Cash App to send & receive money instantly, spend with the Cash App Card, buy bitcoin, invest in stocks, & manage your finances."
Cupra,Phishing/Scams,[Topic Officiel] Cupra Leon (2024) - Forum-Auto,https://forum-auto.caradisiac.com/topic/646241-topic-officiel-cupra-leon-2024/,"30 de abr. de 2024 · Coucou @fredyker Je viens de recevoir une invitation de la concession cupra à une heure de chez moi pour le week-end prochain, pour découvrir cette nouvelle cupra leon. Moi j'aime …"
Cupra,Phishing/Scams,[Topic Officiel] Cupra Terramar (2024) - Forum-Auto,https://forum-auto.caradisiac.com/topic/542258-topic-officiel-cupra-terramar-2024/page/2/,"7 de jun. de 2022 · Cupra reste, pour moi, un cran en dessous en témoigne des équipements, des finitions, moins poussées / abouties (même si on est déjà à un très bon niveau). Quelques exemples …"
Cupra,Phishing/Scams,AVIS Cupra Formentor 2.0 TSI 190 & 245 - Forum-Auto,https://forum-auto.caradisiac.com/topic/485930-avis-cupra-formentor-20-tsi-190-245/,"6 de abr. de 2021 · Bonjour, quelqu’un a-t-il deja essayé le cupra formentor essence de 190 ch ? Je n’ai pas trouvé d’avis encore sur internet. j’hesite avec le ..."
Cupra,Annual Reports,[Topic Officiel] Cupra Leon (2024) - Forum-Auto,https://forum-auto.caradisiac.com/topic/646241-topic-officiel-cupra-leon-2024/,"30 de abr. de 2024 · Coucou @fredyker Je viens de recevoir une invitation de la concession cupra à une heure de chez moi pour le week-end prochain, pour découvrir cette nouvelle cupra leon. Moi j'aime …"
Cupra,Annual Reports,[Topic Officiel] Cupra Terramar (2024) - Forum-Auto,https://forum-auto.caradisiac.com/topic/542258-topic-officiel-cupra-terramar-2024/page/2/,"7 de jun. de 2022 · Cupra reste, pour moi, un cran en dessous en témoigne des équipements, des finitions, moins poussées / abouties (même si on est déjà à un très bon niveau). Quelques exemples …"
Cecotec,Phishing/Scams,Trading App | Quick & Easy Trading App Download | Exness,https://www.exness.global/exness-trade-app/,Experience trading anywhere with the Exness trading app. Download to access powerful trading features and manage your trades efficiently.
Cecotec,Phishing/Scams,Trading App | Opera desde cualquier lugar con confianza | Exness,https://www.exness.com/es/exness-trade-app/,"La app Exness Trade está diseñada para facilitar el acceso a los mercados financieros. Con nuestra plataforma de fácil uso, nuestras …"
Cecotec,Phishing/Scams,Exness Trade: Trading app - Aplicaciones en Google Play,https://play.google.com/store/apps/details?id=com.exness.android.pa&hl=es,"Fundado en 2008, Exness es un bróker regulado de múltiples activos que ofrece las soluciones de trading en línea más avanzadas a traders …"
Cecotec,Annual Reports,Authors' Hangout - Literotica Discussion Board,https://forum.literotica.com/forums/authors-hangout.3/,31 de may. de 2025 · A place for writers and readers to socialize and discuss the craft of writing.
Cecotec,Annual Reports,Awards & Contests - Literotica Discussion Board,https://forum.literotica.com/forums/awards-contests.7/,4 de sept. de 2023 · The latest scoop on monthly & special contests & awards.
